{"author":{"translate":"global.author"},"criteria":{"variant_151061505":{"trigger":"minecraft:inventory_changed","conditions":{"items":[{"items":"minecraft:tropical_fish_bucket","predicates":{"minecraft:custom_data":"{BucketVariantTag: 151061505}"}}]}}},"display":{"icon":{"id":"minecraft:tropical_fish","components":{"minecraft:custom_model_data":{"strings":["big","orange","betty","cyan"]}}},"title":{"translate":"advancement.catch.type_bodyColor_patternColor.title","with":[{"translate":"fish.type.betty"},{"translate":"fish.color.orange"},{"translate":"fish.color.cyan"}]},"description":{"translate":"advancement.catch.type_bodyColor_patternColor.description","with":[{"translate":"fish.type.betty"},{"translate":"fish.color.orange"},{"translate":"fish.color.cyan"}]},"background":"minecraft:textures/block/tube_coral_block.png","frame":"task","show_toast":true,"announce_to_chat":false,"hidden":false},"parent":"tropicalfish:betty/orange/pattern_brown","rewards":{"function":"tropicalfish:betty"}}