{"author":{"translate":"global.author"},"criteria":{"variant_201589761":{"trigger":"minecraft:inventory_changed","conditions":{"items":[{"items":"minecraft:tropical_fish_bucket","predicates":{"minecraft:custom_data":"{BucketVariantTag: 201589761}"}}]}}},"display":{"icon":{"id":"minecraft:tropical_fish","components":{"minecraft:custom_model_data":{"strings":["big","yellow","betty","brown"]}}},"title":{"translate":"advancement.catch.type_bodyColor_patternColor.title","with":[{"translate":"fish.type.betty"},{"translate":"fish.color.yellow"},{"translate":"fish.color.brown"}]},"description":{"translate":"advancement.catch.type_bodyColor_patternColor.description","with":[{"translate":"fish.type.betty"},{"translate":"fish.color.yellow"},{"translate":"fish.color.brown"}]},"background":"minecraft:textures/block/tube_coral_block.png","frame":"task","show_toast":true,"announce_to_chat":false,"hidden":false},"parent":"tropicalfish:betty/yellow/pattern_blue","rewards":{"function":"tropicalfish:betty"}}