{"author":{"translate":"global.author"},"criteria":{"variant_185533185":{"trigger":"minecraft:inventory_changed","conditions":{"items":[{"items":"minecraft:tropical_fish_bucket","predicates":{"minecraft:custom_data":"{BucketVariantTag: 185533185}"}}]}}},"display":{"icon":{"id":"minecraft:tropical_fish","components":{"minecraft:custom_model_data":{"strings":["big","black","blockfish","blue"]}}},"title":{"translate":"advancement.catch.type_bodyColor_patternColor.title","with":[{"translate":"fish.type.blockfish"},{"translate":"fish.color.black"},{"translate":"fish.color.blue"}]},"description":{"translate":"advancement.catch.type_bodyColor_patternColor.description","with":[{"translate":"fish.type.blockfish"},{"translate":"fish.color.black"},{"translate":"fish.color.blue"}]},"background":"minecraft:textures/block/tube_coral_block.png","frame":"task","show_toast":true,"announce_to_chat":false,"hidden":false},"parent":"tropicalfish:blockfish/black/pattern_black","rewards":{"function":"tropicalfish:blockfish"}}