{"author":{"translate":"global.author"},"criteria":{"variant_251724545":{"trigger":"minecraft:inventory_changed","conditions":{"items":[{"items":"minecraft:tropical_fish_bucket","predicates":{"minecraft:custom_data":"{BucketVariantTag: 251724545}"}}]}}},"display":{"icon":{"id":"minecraft:tropical_fish","components":{"minecraft:custom_model_data":{"strings":["big","orange","blockfish","black"]}}},"title":{"translate":"advancement.catch.type_bodyColor_patternColor.title","with":[{"translate":"fish.type.blockfish"},{"translate":"fish.color.orange"},{"translate":"fish.color.black"}]},"description":{"translate":"advancement.catch.type_bodyColor_patternColor.description","with":[{"translate":"fish.type.blockfish"},{"translate":"fish.color.orange"},{"translate":"fish.color.black"}]},"background":"minecraft:textures/block/tube_coral_block.png","frame":"task","show_toast":true,"announce_to_chat":false,"hidden":false},"parent":"tropicalfish:blockfish/body_orange","rewards":{"function":"tropicalfish:blockfish"}}