{"author":{"translate":"global.author"},"criteria":{"variant_83952385":{"trigger":"minecraft:inventory_changed","conditions":{"items":[{"items":"minecraft:tropical_fish_bucket","predicates":{"minecraft:custom_data":"{BucketVariantTag: 83952385}"}}]}}},"display":{"icon":{"id":"minecraft:tropical_fish","components":{"minecraft:custom_model_data":{"strings":["big","orange","blockfish","lime"]}}},"title":{"translate":"advancement.catch.type_bodyColor_patternColor.title","with":[{"translate":"fish.type.blockfish"},{"translate":"fish.color.orange"},{"translate":"fish.color.lime"}]},"description":{"translate":"advancement.catch.type_bodyColor_patternColor.description","with":[{"translate":"fish.type.blockfish"},{"translate":"fish.color.orange"},{"translate":"fish.color.lime"}]},"background":"minecraft:textures/block/tube_coral_block.png","frame":"task","show_toast":true,"announce_to_chat":false,"hidden":false},"parent":"tropicalfish:blockfish/orange/pattern_light_gray","rewards":{"function":"tropicalfish:blockfish"}}