{"author":{"translate":"global.author"},"criteria":{"variant_235471873":{"trigger":"minecraft:inventory_changed","conditions":{"items":[{"items":"minecraft:tropical_fish_bucket","predicates":{"minecraft:custom_data":"{BucketVariantTag: 235471873}"}}]}}},"display":{"icon":{"id":"minecraft:tropical_fish","components":{"minecraft:custom_model_data":{"strings":["big","cyan","betty","red"]}}},"title":{"translate":"advancement.catch.type_bodyColor_patternColor.title","with":[{"translate":"fish.type.betty"},{"translate":"fish.color.cyan"},{"translate":"fish.color.red"}]},"description":{"translate":"advancement.catch.type_bodyColor_patternColor.description","with":[{"translate":"fish.type.betty"},{"translate":"fish.color.cyan"},{"translate":"fish.color.red"}]},"background":"minecraft:textures/block/tube_coral_block.png","frame":"task","show_toast":true,"announce_to_chat":false,"hidden":false},"parent":"tropicalfish:betty/cyan/pattern_purple","rewards":{"function":"tropicalfish:betty"}}