{"author":{"translate":"global.author"},"criteria":{"variant_101057537":{"trigger":"minecraft:inventory_changed","conditions":{"items":[{"items":"minecraft:tropical_fish_bucket","predicates":{"minecraft:custom_data":"{BucketVariantTag: 101057537}"}}]}}},"display":{"icon":{"id":"minecraft:tropical_fish","components":{"minecraft:custom_model_data":{"strings":["big","pink","betty","pink"]}}},"title":{"translate":"advancement.catch.type_bodyColor_patternColor.title","with":[{"translate":"fish.type.betty"},{"translate":"fish.color.pink"},{"translate":"fish.color.pink"}]},"description":{"translate":"advancement.catch.type_bodyColor_patternColor.description","with":[{"translate":"fish.type.betty"},{"translate":"fish.color.pink"},{"translate":"fish.color.pink"}]},"background":"minecraft:textures/block/tube_coral_block.png","frame":"task","show_toast":true,"announce_to_chat":false,"hidden":false},"parent":"tropicalfish:betty/pink/pattern_orange","rewards":{"function":"tropicalfish:betty"}}