{
	"credit": "Made with Blockbench",
	"parent": "block/block",
	"texture_size": [64, 64],
	"textures": {
		"7": "block/furnaces/furnace/furnace_atlas",
		"particle": "block/furnaces/furnace/furnace_side"
	},
	"elements": [
		{
			"from": [0, 0, 0],
			"to": [16, 16, 16],
			"faces": {
				"east": {"uv": [4, 0, 8, 4], "texture": "#7"},
				"south": {"uv": [4, 0, 8, 4], "texture": "#7"},
				"west": {"uv": [4, 0, 8, 4], "texture": "#7"},
				"up": {"uv": [4, 4, 8, 8], "texture": "#7"},
				"down": {"uv": [0, 4, 4, 8], "texture": "#7"}
			}
		},
		{
			"from": [0, 13, 0],
			"to": [16, 16, 0],
			"faces": {
				"north": {"uv": [0, 0, 4, 0.75], "texture": "#7"}
			}
		},
		{
			"from": [10, 12, 0],
			"to": [16, 13, 0],
			"faces": {
				"north": {"uv": [0, 0.75, 1.5, 1], "texture": "#7"}
			}
		},
		{
			"from": [0, 12, 0],
			"to": [6, 13, 0],
			"faces": {
				"north": {"uv": [2.5, 0.75, 4, 1], "texture": "#7"}
			}
		},
		{
			"from": [0, 11, 0],
			"to": [4, 12, 0],
			"faces": {
				"north": {"uv": [3, 1, 4, 1.25], "texture": "#7"}
			}
		},
		{
			"from": [12, 11, 0],
			"to": [16, 12, 0],
			"faces": {
				"north": {"uv": [0, 1, 1, 1.25], "texture": "#7"}
			}
		},
		{
			"from": [13, 9, 0],
			"to": [16, 11, 0],
			"faces": {
				"north": {"uv": [0, 1.25, 0.75, 1.75], "texture": "#7"}
			}
		},
		{
			"from": [0, 6, 0],
			"to": [16, 9, 0],
			"faces": {
				"north": {"uv": [0, 1.75, 4, 2.5], "texture": "#7"}
			}
		},
		{
			"from": [12, 5, 0],
			"to": [16, 6, 0],
			"faces": {
				"north": {"uv": [0, 2.5, 1, 2.75], "texture": "#7"}
			}
		},
		{
			"from": [13, 2, 0],
			"to": [16, 5, 0],
			"faces": {
				"north": {"uv": [0, 2.75, 0.75, 3.5], "texture": "#7"}
			}
		},
		{
			"from": [0, 2, 0],
			"to": [3, 5, 0],
			"faces": {
				"north": {"uv": [3.25, 2.75, 4, 3.5], "texture": "#7"}
			}
		},
		{
			"from": [0, 5, 0],
			"to": [4, 6, 0],
			"faces": {
				"north": {"uv": [3, 2.5, 4, 2.75], "texture": "#7"}
			}
		},
		{
			"from": [0, 9, 0],
			"to": [3, 11, 0],
			"faces": {
				"north": {"uv": [3.25, 1.25, 4, 1.75], "texture": "#7"}
			}
		},
		{
			"from": [0, 0, 0],
			"to": [16, 2, 0],
			"faces": {
				"north": {"uv": [0, 3.5, 4, 4], "texture": "#7"}
			}
		},
		{
			"name": "bars",
			"from": [13, 9, 0],
			"to": [14, 9, 13],
			"faces": {
				"up": {"uv": [0.25, 11.25, 3.5, 11.5], "rotation": 90, "texture": "#7"}
			}
		},
		{
			"name": "bars",
			"from": [2, 9, 0],
			"to": [3, 9, 13],
			"faces": {
				"up": {"uv": [0.25, 14, 3.5, 14.25], "rotation": 90, "texture": "#7"}
			}
		},
		{
			"name": "bars",
			"from": [5, 9, 0],
			"to": [6, 9, 13],
			"faces": {
				"up": {"uv": [0.25, 13.25, 3.5, 13.5], "rotation": 90, "texture": "#7"}
			}
		},
		{
			"name": "bars",
			"from": [10, 9, 0],
			"to": [11, 9, 13],
			"faces": {
				"up": {"uv": [0.25, 12, 3.5, 12.25], "rotation": 90, "texture": "#7"}
			}
		},
		{
			"name": "bars",
			"from": [2, 9, 0],
			"to": [14, 9, 1],
			"faces": {
				"up": {"uv": [0.25, 11.25, 0.5, 14.25], "rotation": 90, "texture": "#7"}
			}
		},
		{
			"name": "bars",
			"from": [2, 9, 2],
			"to": [14, 9, 3],
			"faces": {
				"up": {"uv": [0.75, 11.25, 1, 14.25], "rotation": 90, "texture": "#7"}
			}
		},
		{
			"name": "bars",
			"from": [2, 9, 4],
			"to": [14, 9, 5],
			"faces": {
				"up": {"uv": [1.25, 11.25, 1.5, 14.25], "rotation": 90, "texture": "#7"}
			}
		},
		{
			"name": "bars",
			"from": [2, 9, 6],
			"to": [14, 9, 7],
			"faces": {
				"up": {"uv": [1.75, 11.25, 2, 14.25], "rotation": 90, "texture": "#7"}
			}
		},
		{
			"name": "bars",
			"from": [2, 9, 8],
			"to": [14, 9, 9],
			"faces": {
				"up": {"uv": [2.25, 11.25, 2.5, 14.25], "rotation": 90, "texture": "#7"}
			}
		},
		{
			"name": "bars",
			"from": [2, 9, 10],
			"to": [14, 9, 11],
			"faces": {
				"up": {"uv": [2.75, 11.25, 3, 14.25], "rotation": 90, "texture": "#7"}
			}
		},
		{
			"name": "bars",
			"from": [2, 9, 12],
			"to": [14, 9, 13],
			"faces": {
				"up": {"uv": [3.25, 11.25, 3.5, 14.25], "rotation": 90, "texture": "#7"}
			}
		},
		{
			"name": "bars",
			"from": [2, 9, 8],
			"to": [14, 9, 9],
			"faces": {
				"up": {"uv": [2.75, 11.25, 3, 14.25], "rotation": 90, "texture": "#7"}
			}
		},
		{
			"name": "inverted",
			"from": [14, 1, 0],
			"to": [2, 14, 13],
			"faces": {
				"north": {"uv": [9.5, 11.25, 6.5, 14.5], "texture": "#7"},
				"east": {"uv": [0, 8, 3.5, 11.25], "texture": "#7"},
				"south": {"uv": [9.5, 8, 6.5, 11.25], "texture": "#7"},
				"west": {"uv": [3.5, 8, 0, 11.25], "texture": "#7"},
				"up": {"uv": [6.5, 8, 3.5, 11.25], "texture": "#7"},
				"down": {"uv": [6.5, 11.25, 3.5, 14.5], "texture": "#7"}
			}
		}
	]
}