{
  "model": {
    "type": "minecraft:select",
    "property": "minecraft:display_context",
    "cases": [
      {
        "when": "gui",
        "model": {
          "type": "minecraft:model",
          "model": "minecraft:item/beef"
        }
      }
    ],
    "fallback": {
      "type": "minecraft:condition",
      "property": "minecraft:using_item",
      "on_true": {
        "type": "minecraft:range_dispatch",
        "property": "minecraft:use_duration",
        "remaining": true,
        "scale": 0.045,
        "entries": [
          {
            "threshold": 1,
            "model": {
              "type": "minecraft:model",
              "model": "minecraft:item/beef"
            }
          },
          {
            "threshold": 0.75,
            "model": {
              "type": "minecraft:model",
              "model": "eatinganimation:beef_eating_0"
            }
          },
          {
            "threshold": 0.5,
            "model": {
              "type": "minecraft:model",
              "model": "eatinganimation:beef_eating_1"
            }
          },
          {
            "threshold": 0.18,
            "model": {
              "type": "minecraft:model",
              "model": "eatinganimation:beef_eating_2"
            }
          }
        ],
        "fallback": {
          "type": "minecraft:model",
          "model": "minecraft:item/beef"
        }
      },
      "on_false": {
        "type": "minecraft:model",
        "model": "minecraft:item/beef"
      }
    }
  }
}