{
  "model": {
    "type": "minecraft:select",
    "property": "minecraft:display_context",
    "cases": [
      {
        "when": "head",
        "model": {
          "type": "minecraft:select",
          "property": "minecraft:local_time",
          "pattern": "MM",
          "cases": [
            {
              "when": "12",
              "model": {
                "type": "minecraft:model",
                "model": "item/christmas/christmas_hat"
              }
            }
          ],
          "fallback": {
            "type": "minecraft:model",
            "model": "minecraft:block/carved_pumpkin"
          }
        }
      }
    ],
    "fallback": {
      "type": "minecraft:model",
      "model": "minecraft:block/carved_pumpkin"
    }
  }
}