{
  "model": {
    "type": "minecraft:select",
    "property": "minecraft:display_context",
    "cases": [
      {
        "when": "firstperson_righthand",
        "model": {
          "type": "minecraft:model",
          "model": "minecraft:item/3d_hand/1p_right_bucket_cod",
          "tints": []
        }
      },
      {
        "when": "firstperson_lefthand",
        "model": {
          "type": "minecraft:model",
          "model": "minecraft:item/3d_hand/1p_left_bucket_cod"
        }
      },
      {
        "when": "thirdperson_righthand",
        "model": {
          "type": "minecraft:model",
          "model": "minecraft:item/3d_hand/3p_bucket_cod"
        }
      },
      {
        "when": "thirdperson_lefthand",
        "model": {
          "type": "minecraft:model",
          "model": "minecraft:item/3d_hand/3p_bucket_cod"
        }
      }
    ],
    "fallback": {
      "type": "minecraft:model",
      "model": "minecraft:item/cod_bucket"
    }
  }
}