{
  "model": {
    "type": "minecraft:select",
    "property": "minecraft:display_context",
    "cases": [
      {
        "when": "gui",
        "model": {
          "type": "minecraft:model",
          "model": "minecraft:item/potion",
          "tints": [
            {
              "type": "minecraft:potion",
              "default": -13083194
            }
          ]
        }
      }
    ],
    "fallback": {
      "type": "minecraft:condition",
      "property": "minecraft:using_item",
      "on_true": {
        "type": "minecraft:range_dispatch",
        "property": "minecraft:use_duration",
        "remaining": true,
        "scale": 0.045,
        "entries": [
          {
            "threshold": 1,
            "model": {
              "type": "minecraft:model",
              "model": "minecraft:item/potion",
              "tints": [
                {
                  "type": "minecraft:potion",
                  "default": -13083194
                }
              ]
            }
          },
          {
            "threshold": 0.75,
            "model": {
              "type": "minecraft:model",
              "model": "eatinganimation:potion_drinking_0",
              "tints": [
                {
                  "type": "minecraft:potion",
                  "value": -13083194,
                  "default": -13083194
                }
              ]
            }
          },
          {
            "threshold": 0.5,
            "model": {
              "type": "minecraft:model",
              "model": "eatinganimation:potion_drinking_1",
              "tints": [
                {
                  "type": "minecraft:potion",
                  "value": -13083194,
                  "default": -13083194
                }
              ]
            }
          },
          {
            "threshold": 0.18,
            "model": {
              "type": "minecraft:model",
              "model": "eatinganimation:potion_drinking_2",
              "tints": [
                {
                  "type": "minecraft:potion",
                  "value": -13083194,
                  "default": -13083194
                }
              ]
            }
          }
        ],
        "fallback": {
          "type": "minecraft:model",
          "model": "minecraft:item/potion",
          "tints": [
            {
              "type": "minecraft:potion",
              "value": -13083194,
              "default": -13083194
            }
          ]
        }
      },
      "on_false": {
        "type": "minecraft:model",
        "model": "minecraft:item/potion",
        "tints": [
          {
            "type": "minecraft:potion",
            "value": -13083194,
            "default": -13083194
          }
        ]
      }
    }
  }
}