{"author":{"translate":"global.author"},"criteria":{"variant_51053313":{"trigger":"minecraft:inventory_changed","conditions":{"items":[{"items":"minecraft:tropical_fish_bucket","predicates":{"minecraft:custom_data":"{BucketVariantTag: 51053313}"}}]}}},"display":{"icon":{"id":"minecraft:tropical_fish","components":{"minecraft:custom_model_data":{"strings":["big","blue","blockfish","light_blue"]}}},"title":{"translate":"advancement.catch.type_bodyColor_patternColor.title","with":[{"translate":"fish.type.blockfish"},{"translate":"fish.color.blue"},{"translate":"fish.color.light_blue"}]},"description":{"translate":"advancement.catch.type_bodyColor_patternColor.description","with":[{"translate":"fish.type.blockfish"},{"translate":"fish.color.blue"},{"translate":"fish.color.light_blue"}]},"background":"minecraft:textures/block/tube_coral_block.png","frame":"task","show_toast":true,"announce_to_chat":false,"hidden":false},"parent":"tropicalfish:blockfish/blue/pattern_green","rewards":{"function":"tropicalfish:blockfish"}}