{"model":{"type":"minecraft:composite","models":[{"type":"minecraft:select","property":"minecraft:custom_model_data","index":0,"cases":[{"when":"small","model":{"type":"minecraft:select","property":"minecraft:custom_model_data","index":1,"cases":[{"when":"white","model":{"type":"model","model":"minecraft:item/small","tints":[{"type":"constant","value":[0.965,0.941,0.878]}]}},{"when":"orange","model":{"type":"model","model":"minecraft:item/small","tints":[{"type":"constant","value":[1,0.625,0.125]}]}},{"when":"magenta","model":{"type":"model","model":"minecraft:item/small","tints":[{"type":"constant","value":[0.7,0.228,0.647]}]}},{"when":"light_blue","model":{"type":"model","model":"minecraft:item/small","tints":[{"type":"constant","value":[0.192,0.886,0.925]}]}},{"when":"yellow","model":{"type":"model","model":"minecraft:item/small","tints":[{"type":"constant","value":[0.98,0.863,0.11]}]}},{"when":"lime","model":{"type":"model","model":"minecraft:item/small","tints":[{"type":"constant","value":[0.644,0.967,0.129]}]}},{"when":"pink","model":{"type":"model","model":"minecraft:item/small","tints":[{"type":"constant","value":[0.888,0.478,0.515]}]}},{"when":"gray","model":{"type":"model","model":"minecraft:item/small","tints":[{"type":"constant","value":[0.368,0.379,0.344]}]}},{"when":"light_gray","model":{"type":"model","model":"minecraft:item/small","tints":[{"type":"constant","value":[0.586,0.556,0.476]}]}},{"when":"cyan","model":{"type":"model","model":"minecraft:item/small","tints":[{"type":"constant","value":[0.241,0.621,0.64]}]}},{"when":"purple","model":{"type":"model","model":"minecraft:item/small","tints":[{"type":"constant","value":[0.596,0.222,0.57]}]}},{"when":"blue","model":{"type":"model","model":"minecraft:item/small","tints":[{"type":"constant","value":[0.275,0.287,0.749]}]}},{"when":"brown","model":{"type":"model","model":"minecraft:item/small","tints":[{"type":"constant","value":[0.51,0.292,0.179]}]}},{"when":"green","model":{"type":"model","model":"minecraft:item/small","tints":[{"type":"constant","value":[0.322,0.567,0.059]}]}},{"when":"red","model":{"type":"model","model":"minecraft:item/small","tints":[{"type":"constant","value":[0.804,0.098,0.067]}]}},{"when":"black","model":{"type":"model","model":"minecraft:item/small","tints":[{"type":"constant","value":[0.183,0.175,0.179]}]}}]}},{"when":"big","model":{"type":"minecraft:select","property":"minecraft:custom_model_data","index":1,"cases":[{"when":"white","model":{"type":"model","model":"minecraft:item/big","tints":[{"type":"constant","value":[0.965,0.941,0.878]}]}},{"when":"orange","model":{"type":"model","model":"minecraft:item/big","tints":[{"type":"constant","value":[1,0.625,0.125]}]}},{"when":"magenta","model":{"type":"model","model":"minecraft:item/big","tints":[{"type":"constant","value":[0.7,0.228,0.647]}]}},{"when":"light_blue","model":{"type":"model","model":"minecraft:item/big","tints":[{"type":"constant","value":[0.192,0.886,0.925]}]}},{"when":"yellow","model":{"type":"model","model":"minecraft:item/big","tints":[{"type":"constant","value":[0.98,0.863,0.11]}]}},{"when":"lime","model":{"type":"model","model":"minecraft:item/big","tints":[{"type":"constant","value":[0.644,0.967,0.129]}]}},{"when":"pink","model":{"type":"model","model":"minecraft:item/big","tints":[{"type":"constant","value":[0.888,0.478,0.515]}]}},{"when":"gray","model":{"type":"model","model":"minecraft:item/big","tints":[{"type":"constant","value":[0.368,0.379,0.344]}]}},{"when":"light_gray","model":{"type":"model","model":"minecraft:item/big","tints":[{"type":"constant","value":[0.586,0.556,0.476]}]}},{"when":"cyan","model":{"type":"model","model":"minecraft:item/big","tints":[{"type":"constant","value":[0.241,0.621,0.64]}]}},{"when":"purple","model":{"type":"model","model":"minecraft:item/big","tints":[{"type":"constant","value":[0.596,0.222,0.57]}]}},{"when":"blue","model":{"type":"model","model":"minecraft:item/big","tints":[{"type":"constant","value":[0.275,0.287,0.749]}]}},{"when":"brown","model":{"type":"model","model":"minecraft:item/big","tints":[{"type":"constant","value":[0.51,0.292,0.179]}]}},{"when":"green","model":{"type":"model","model":"minecraft:item/big","tints":[{"type":"constant","value":[0.322,0.567,0.059]}]}},{"when":"red","model":{"type":"model","model":"minecraft:item/big","tints":[{"type":"constant","value":[0.804,0.098,0.067]}]}},{"when":"black","model":{"type":"model","model":"minecraft:item/big","tints":[{"type":"constant","value":[0.183,0.175,0.179]}]}}]}}],"fallback":{"type":"model","model":"minecraft:item/tropical_fish"}},{"type":"minecraft:select","property":"minecraft:custom_model_data","index":2,"cases":[{"when":"kob","model":{"type":"select","property":"minecraft:custom_model_data","index":3,"cases":[{"when":"white","model":{"type":"model","model":"minecraft:item/kob","tints":[{"type":"constant","value":[0.965,0.941,0.878]}]}},{"when":"orange","model":{"type":"model","model":"minecraft:item/kob","tints":[{"type":"constant","value":[1,0.625,0.125]}]}},{"when":"magenta","model":{"type":"model","model":"minecraft:item/kob","tints":[{"type":"constant","value":[0.7,0.228,0.647]}]}},{"when":"light_blue","model":{"type":"model","model":"minecraft:item/kob","tints":[{"type":"constant","value":[0.192,0.886,0.925]}]}},{"when":"yellow","model":{"type":"model","model":"minecraft:item/kob","tints":[{"type":"constant","value":[0.98,0.863,0.11]}]}},{"when":"lime","model":{"type":"model","model":"minecraft:item/kob","tints":[{"type":"constant","value":[0.644,0.967,0.129]}]}},{"when":"pink","model":{"type":"model","model":"minecraft:item/kob","tints":[{"type":"constant","value":[0.888,0.478,0.515]}]}},{"when":"gray","model":{"type":"model","model":"minecraft:item/kob","tints":[{"type":"constant","value":[0.368,0.379,0.344]}]}},{"when":"light_gray","model":{"type":"model","model":"minecraft:item/kob","tints":[{"type":"constant","value":[0.586,0.556,0.476]}]}},{"when":"cyan","model":{"type":"model","model":"minecraft:item/kob","tints":[{"type":"constant","value":[0.241,0.621,0.64]}]}},{"when":"purple","model":{"type":"model","model":"minecraft:item/kob","tints":[{"type":"constant","value":[0.596,0.222,0.57]}]}},{"when":"blue","model":{"type":"model","model":"minecraft:item/kob","tints":[{"type":"constant","value":[0.275,0.287,0.749]}]}},{"when":"brown","model":{"type":"model","model":"minecraft:item/kob","tints":[{"type":"constant","value":[0.51,0.292,0.179]}]}},{"when":"green","model":{"type":"model","model":"minecraft:item/kob","tints":[{"type":"constant","value":[0.322,0.567,0.059]}]}},{"when":"red","model":{"type":"model","model":"minecraft:item/kob","tints":[{"type":"constant","value":[0.804,0.098,0.067]}]}},{"when":"black","model":{"type":"model","model":"minecraft:item/kob","tints":[{"type":"constant","value":[0.183,0.175,0.179]}]}}]}},{"when":"sunstreak","model":{"type":"select","property":"minecraft:custom_model_data","index":3,"cases":[{"when":"white","model":{"type":"model","model":"minecraft:item/sunstreak","tints":[{"type":"constant","value":[0.965,0.941,0.878]}]}},{"when":"orange","model":{"type":"model","model":"minecraft:item/sunstreak","tints":[{"type":"constant","value":[1,0.625,0.125]}]}},{"when":"magenta","model":{"type":"model","model":"minecraft:item/sunstreak","tints":[{"type":"constant","value":[0.7,0.228,0.647]}]}},{"when":"light_blue","model":{"type":"model","model":"minecraft:item/sunstreak","tints":[{"type":"constant","value":[0.192,0.886,0.925]}]}},{"when":"yellow","model":{"type":"model","model":"minecraft:item/sunstreak","tints":[{"type":"constant","value":[0.98,0.863,0.11]}]}},{"when":"lime","model":{"type":"model","model":"minecraft:item/sunstreak","tints":[{"type":"constant","value":[0.644,0.967,0.129]}]}},{"when":"pink","model":{"type":"model","model":"minecraft:item/sunstreak","tints":[{"type":"constant","value":[0.888,0.478,0.515]}]}},{"when":"gray","model":{"type":"model","model":"minecraft:item/sunstreak","tints":[{"type":"constant","value":[0.368,0.379,0.344]}]}},{"when":"light_gray","model":{"type":"model","model":"minecraft:item/sunstreak","tints":[{"type":"constant","value":[0.586,0.556,0.476]}]}},{"when":"cyan","model":{"type":"model","model":"minecraft:item/sunstreak","tints":[{"type":"constant","value":[0.241,0.621,0.64]}]}},{"when":"purple","model":{"type":"model","model":"minecraft:item/sunstreak","tints":[{"type":"constant","value":[0.596,0.222,0.57]}]}},{"when":"blue","model":{"type":"model","model":"minecraft:item/sunstreak","tints":[{"type":"constant","value":[0.275,0.287,0.749]}]}},{"when":"brown","model":{"type":"model","model":"minecraft:item/sunstreak","tints":[{"type":"constant","value":[0.51,0.292,0.179]}]}},{"when":"green","model":{"type":"model","model":"minecraft:item/sunstreak","tints":[{"type":"constant","value":[0.322,0.567,0.059]}]}},{"when":"red","model":{"type":"model","model":"minecraft:item/sunstreak","tints":[{"type":"constant","value":[0.804,0.098,0.067]}]}},{"when":"black","model":{"type":"model","model":"minecraft:item/sunstreak","tints":[{"type":"constant","value":[0.183,0.175,0.179]}]}}]}},{"when":"snooper","model":{"type":"select","property":"minecraft:custom_model_data","index":3,"cases":[{"when":"white","model":{"type":"model","model":"minecraft:item/snooper","tints":[{"type":"constant","value":[0.965,0.941,0.878]}]}},{"when":"orange","model":{"type":"model","model":"minecraft:item/snooper","tints":[{"type":"constant","value":[1,0.625,0.125]}]}},{"when":"magenta","model":{"type":"model","model":"minecraft:item/snooper","tints":[{"type":"constant","value":[0.7,0.228,0.647]}]}},{"when":"light_blue","model":{"type":"model","model":"minecraft:item/snooper","tints":[{"type":"constant","value":[0.192,0.886,0.925]}]}},{"when":"yellow","model":{"type":"model","model":"minecraft:item/snooper","tints":[{"type":"constant","value":[0.98,0.863,0.11]}]}},{"when":"lime","model":{"type":"model","model":"minecraft:item/snooper","tints":[{"type":"constant","value":[0.644,0.967,0.129]}]}},{"when":"pink","model":{"type":"model","model":"minecraft:item/snooper","tints":[{"type":"constant","value":[0.888,0.478,0.515]}]}},{"when":"gray","model":{"type":"model","model":"minecraft:item/snooper","tints":[{"type":"constant","value":[0.368,0.379,0.344]}]}},{"when":"light_gray","model":{"type":"model","model":"minecraft:item/snooper","tints":[{"type":"constant","value":[0.586,0.556,0.476]}]}},{"when":"cyan","model":{"type":"model","model":"minecraft:item/snooper","tints":[{"type":"constant","value":[0.241,0.621,0.64]}]}},{"when":"purple","model":{"type":"model","model":"minecraft:item/snooper","tints":[{"type":"constant","value":[0.596,0.222,0.57]}]}},{"when":"blue","model":{"type":"model","model":"minecraft:item/snooper","tints":[{"type":"constant","value":[0.275,0.287,0.749]}]}},{"when":"brown","model":{"type":"model","model":"minecraft:item/snooper","tints":[{"type":"constant","value":[0.51,0.292,0.179]}]}},{"when":"green","model":{"type":"model","model":"minecraft:item/snooper","tints":[{"type":"constant","value":[0.322,0.567,0.059]}]}},{"when":"red","model":{"type":"model","model":"minecraft:item/snooper","tints":[{"type":"constant","value":[0.804,0.098,0.067]}]}},{"when":"black","model":{"type":"model","model":"minecraft:item/snooper","tints":[{"type":"constant","value":[0.183,0.175,0.179]}]}}]}},{"when":"dasher","model":{"type":"select","property":"minecraft:custom_model_data","index":3,"cases":[{"when":"white","model":{"type":"model","model":"minecraft:item/dasher","tints":[{"type":"constant","value":[0.965,0.941,0.878]}]}},{"when":"orange","model":{"type":"model","model":"minecraft:item/dasher","tints":[{"type":"constant","value":[1,0.625,0.125]}]}},{"when":"magenta","model":{"type":"model","model":"minecraft:item/dasher","tints":[{"type":"constant","value":[0.7,0.228,0.647]}]}},{"when":"light_blue","model":{"type":"model","model":"minecraft:item/dasher","tints":[{"type":"constant","value":[0.192,0.886,0.925]}]}},{"when":"yellow","model":{"type":"model","model":"minecraft:item/dasher","tints":[{"type":"constant","value":[0.98,0.863,0.11]}]}},{"when":"lime","model":{"type":"model","model":"minecraft:item/dasher","tints":[{"type":"constant","value":[0.644,0.967,0.129]}]}},{"when":"pink","model":{"type":"model","model":"minecraft:item/dasher","tints":[{"type":"constant","value":[0.888,0.478,0.515]}]}},{"when":"gray","model":{"type":"model","model":"minecraft:item/dasher","tints":[{"type":"constant","value":[0.368,0.379,0.344]}]}},{"when":"light_gray","model":{"type":"model","model":"minecraft:item/dasher","tints":[{"type":"constant","value":[0.586,0.556,0.476]}]}},{"when":"cyan","model":{"type":"model","model":"minecraft:item/dasher","tints":[{"type":"constant","value":[0.241,0.621,0.64]}]}},{"when":"purple","model":{"type":"model","model":"minecraft:item/dasher","tints":[{"type":"constant","value":[0.596,0.222,0.57]}]}},{"when":"blue","model":{"type":"model","model":"minecraft:item/dasher","tints":[{"type":"constant","value":[0.275,0.287,0.749]}]}},{"when":"brown","model":{"type":"model","model":"minecraft:item/dasher","tints":[{"type":"constant","value":[0.51,0.292,0.179]}]}},{"when":"green","model":{"type":"model","model":"minecraft:item/dasher","tints":[{"type":"constant","value":[0.322,0.567,0.059]}]}},{"when":"red","model":{"type":"model","model":"minecraft:item/dasher","tints":[{"type":"constant","value":[0.804,0.098,0.067]}]}},{"when":"black","model":{"type":"model","model":"minecraft:item/dasher","tints":[{"type":"constant","value":[0.183,0.175,0.179]}]}}]}},{"when":"brinely","model":{"type":"select","property":"minecraft:custom_model_data","index":3,"cases":[{"when":"white","model":{"type":"model","model":"minecraft:item/brinely","tints":[{"type":"constant","value":[0.965,0.941,0.878]}]}},{"when":"orange","model":{"type":"model","model":"minecraft:item/brinely","tints":[{"type":"constant","value":[1,0.625,0.125]}]}},{"when":"magenta","model":{"type":"model","model":"minecraft:item/brinely","tints":[{"type":"constant","value":[0.7,0.228,0.647]}]}},{"when":"light_blue","model":{"type":"model","model":"minecraft:item/brinely","tints":[{"type":"constant","value":[0.192,0.886,0.925]}]}},{"when":"yellow","model":{"type":"model","model":"minecraft:item/brinely","tints":[{"type":"constant","value":[0.98,0.863,0.11]}]}},{"when":"lime","model":{"type":"model","model":"minecraft:item/brinely","tints":[{"type":"constant","value":[0.644,0.967,0.129]}]}},{"when":"pink","model":{"type":"model","model":"minecraft:item/brinely","tints":[{"type":"constant","value":[0.888,0.478,0.515]}]}},{"when":"gray","model":{"type":"model","model":"minecraft:item/brinely","tints":[{"type":"constant","value":[0.368,0.379,0.344]}]}},{"when":"light_gray","model":{"type":"model","model":"minecraft:item/brinely","tints":[{"type":"constant","value":[0.586,0.556,0.476]}]}},{"when":"cyan","model":{"type":"model","model":"minecraft:item/brinely","tints":[{"type":"constant","value":[0.241,0.621,0.64]}]}},{"when":"purple","model":{"type":"model","model":"minecraft:item/brinely","tints":[{"type":"constant","value":[0.596,0.222,0.57]}]}},{"when":"blue","model":{"type":"model","model":"minecraft:item/brinely","tints":[{"type":"constant","value":[0.275,0.287,0.749]}]}},{"when":"brown","model":{"type":"model","model":"minecraft:item/brinely","tints":[{"type":"constant","value":[0.51,0.292,0.179]}]}},{"when":"green","model":{"type":"model","model":"minecraft:item/brinely","tints":[{"type":"constant","value":[0.322,0.567,0.059]}]}},{"when":"red","model":{"type":"model","model":"minecraft:item/brinely","tints":[{"type":"constant","value":[0.804,0.098,0.067]}]}},{"when":"black","model":{"type":"model","model":"minecraft:item/brinely","tints":[{"type":"constant","value":[0.183,0.175,0.179]}]}}]}},{"when":"spotty","model":{"type":"select","property":"minecraft:custom_model_data","index":3,"cases":[{"when":"white","model":{"type":"model","model":"minecraft:item/spotty","tints":[{"type":"constant","value":[0.965,0.941,0.878]}]}},{"when":"orange","model":{"type":"model","model":"minecraft:item/spotty","tints":[{"type":"constant","value":[1,0.625,0.125]}]}},{"when":"magenta","model":{"type":"model","model":"minecraft:item/spotty","tints":[{"type":"constant","value":[0.7,0.228,0.647]}]}},{"when":"light_blue","model":{"type":"model","model":"minecraft:item/spotty","tints":[{"type":"constant","value":[0.192,0.886,0.925]}]}},{"when":"yellow","model":{"type":"model","model":"minecraft:item/spotty","tints":[{"type":"constant","value":[0.98,0.863,0.11]}]}},{"when":"lime","model":{"type":"model","model":"minecraft:item/spotty","tints":[{"type":"constant","value":[0.644,0.967,0.129]}]}},{"when":"pink","model":{"type":"model","model":"minecraft:item/spotty","tints":[{"type":"constant","value":[0.888,0.478,0.515]}]}},{"when":"gray","model":{"type":"model","model":"minecraft:item/spotty","tints":[{"type":"constant","value":[0.368,0.379,0.344]}]}},{"when":"light_gray","model":{"type":"model","model":"minecraft:item/spotty","tints":[{"type":"constant","value":[0.586,0.556,0.476]}]}},{"when":"cyan","model":{"type":"model","model":"minecraft:item/spotty","tints":[{"type":"constant","value":[0.241,0.621,0.64]}]}},{"when":"purple","model":{"type":"model","model":"minecraft:item/spotty","tints":[{"type":"constant","value":[0.596,0.222,0.57]}]}},{"when":"blue","model":{"type":"model","model":"minecraft:item/spotty","tints":[{"type":"constant","value":[0.275,0.287,0.749]}]}},{"when":"brown","model":{"type":"model","model":"minecraft:item/spotty","tints":[{"type":"constant","value":[0.51,0.292,0.179]}]}},{"when":"green","model":{"type":"model","model":"minecraft:item/spotty","tints":[{"type":"constant","value":[0.322,0.567,0.059]}]}},{"when":"red","model":{"type":"model","model":"minecraft:item/spotty","tints":[{"type":"constant","value":[0.804,0.098,0.067]}]}},{"when":"black","model":{"type":"model","model":"minecraft:item/spotty","tints":[{"type":"constant","value":[0.183,0.175,0.179]}]}}]}},{"when":"flopper","model":{"type":"select","property":"minecraft:custom_model_data","index":3,"cases":[{"when":"white","model":{"type":"model","model":"minecraft:item/flopper","tints":[{"type":"constant","value":[0.965,0.941,0.878]}]}},{"when":"orange","model":{"type":"model","model":"minecraft:item/flopper","tints":[{"type":"constant","value":[1,0.625,0.125]}]}},{"when":"magenta","model":{"type":"model","model":"minecraft:item/flopper","tints":[{"type":"constant","value":[0.7,0.228,0.647]}]}},{"when":"light_blue","model":{"type":"model","model":"minecraft:item/flopper","tints":[{"type":"constant","value":[0.192,0.886,0.925]}]}},{"when":"yellow","model":{"type":"model","model":"minecraft:item/flopper","tints":[{"type":"constant","value":[0.98,0.863,0.11]}]}},{"when":"lime","model":{"type":"model","model":"minecraft:item/flopper","tints":[{"type":"constant","value":[0.644,0.967,0.129]}]}},{"when":"pink","model":{"type":"model","model":"minecraft:item/flopper","tints":[{"type":"constant","value":[0.888,0.478,0.515]}]}},{"when":"gray","model":{"type":"model","model":"minecraft:item/flopper","tints":[{"type":"constant","value":[0.368,0.379,0.344]}]}},{"when":"light_gray","model":{"type":"model","model":"minecraft:item/flopper","tints":[{"type":"constant","value":[0.586,0.556,0.476]}]}},{"when":"cyan","model":{"type":"model","model":"minecraft:item/flopper","tints":[{"type":"constant","value":[0.241,0.621,0.64]}]}},{"when":"purple","model":{"type":"model","model":"minecraft:item/flopper","tints":[{"type":"constant","value":[0.596,0.222,0.57]}]}},{"when":"blue","model":{"type":"model","model":"minecraft:item/flopper","tints":[{"type":"constant","value":[0.275,0.287,0.749]}]}},{"when":"brown","model":{"type":"model","model":"minecraft:item/flopper","tints":[{"type":"constant","value":[0.51,0.292,0.179]}]}},{"when":"green","model":{"type":"model","model":"minecraft:item/flopper","tints":[{"type":"constant","value":[0.322,0.567,0.059]}]}},{"when":"red","model":{"type":"model","model":"minecraft:item/flopper","tints":[{"type":"constant","value":[0.804,0.098,0.067]}]}},{"when":"black","model":{"type":"model","model":"minecraft:item/flopper","tints":[{"type":"constant","value":[0.183,0.175,0.179]}]}}]}},{"when":"stripey","model":{"type":"select","property":"minecraft:custom_model_data","index":3,"cases":[{"when":"white","model":{"type":"model","model":"minecraft:item/stripey","tints":[{"type":"constant","value":[0.965,0.941,0.878]}]}},{"when":"orange","model":{"type":"model","model":"minecraft:item/stripey","tints":[{"type":"constant","value":[1,0.625,0.125]}]}},{"when":"magenta","model":{"type":"model","model":"minecraft:item/stripey","tints":[{"type":"constant","value":[0.7,0.228,0.647]}]}},{"when":"light_blue","model":{"type":"model","model":"minecraft:item/stripey","tints":[{"type":"constant","value":[0.192,0.886,0.925]}]}},{"when":"yellow","model":{"type":"model","model":"minecraft:item/stripey","tints":[{"type":"constant","value":[0.98,0.863,0.11]}]}},{"when":"lime","model":{"type":"model","model":"minecraft:item/stripey","tints":[{"type":"constant","value":[0.644,0.967,0.129]}]}},{"when":"pink","model":{"type":"model","model":"minecraft:item/stripey","tints":[{"type":"constant","value":[0.888,0.478,0.515]}]}},{"when":"gray","model":{"type":"model","model":"minecraft:item/stripey","tints":[{"type":"constant","value":[0.368,0.379,0.344]}]}},{"when":"light_gray","model":{"type":"model","model":"minecraft:item/stripey","tints":[{"type":"constant","value":[0.586,0.556,0.476]}]}},{"when":"cyan","model":{"type":"model","model":"minecraft:item/stripey","tints":[{"type":"constant","value":[0.241,0.621,0.64]}]}},{"when":"purple","model":{"type":"model","model":"minecraft:item/stripey","tints":[{"type":"constant","value":[0.596,0.222,0.57]}]}},{"when":"blue","model":{"type":"model","model":"minecraft:item/stripey","tints":[{"type":"constant","value":[0.275,0.287,0.749]}]}},{"when":"brown","model":{"type":"model","model":"minecraft:item/stripey","tints":[{"type":"constant","value":[0.51,0.292,0.179]}]}},{"when":"green","model":{"type":"model","model":"minecraft:item/stripey","tints":[{"type":"constant","value":[0.322,0.567,0.059]}]}},{"when":"red","model":{"type":"model","model":"minecraft:item/stripey","tints":[{"type":"constant","value":[0.804,0.098,0.067]}]}},{"when":"black","model":{"type":"model","model":"minecraft:item/stripey","tints":[{"type":"constant","value":[0.183,0.175,0.179]}]}}]}},{"when":"glitter","model":{"type":"select","property":"minecraft:custom_model_data","index":3,"cases":[{"when":"white","model":{"type":"model","model":"minecraft:item/glitter","tints":[{"type":"constant","value":[0.965,0.941,0.878]}]}},{"when":"orange","model":{"type":"model","model":"minecraft:item/glitter","tints":[{"type":"constant","value":[1,0.625,0.125]}]}},{"when":"magenta","model":{"type":"model","model":"minecraft:item/glitter","tints":[{"type":"constant","value":[0.7,0.228,0.647]}]}},{"when":"light_blue","model":{"type":"model","model":"minecraft:item/glitter","tints":[{"type":"constant","value":[0.192,0.886,0.925]}]}},{"when":"yellow","model":{"type":"model","model":"minecraft:item/glitter","tints":[{"type":"constant","value":[0.98,0.863,0.11]}]}},{"when":"lime","model":{"type":"model","model":"minecraft:item/glitter","tints":[{"type":"constant","value":[0.644,0.967,0.129]}]}},{"when":"pink","model":{"type":"model","model":"minecraft:item/glitter","tints":[{"type":"constant","value":[0.888,0.478,0.515]}]}},{"when":"gray","model":{"type":"model","model":"minecraft:item/glitter","tints":[{"type":"constant","value":[0.368,0.379,0.344]}]}},{"when":"light_gray","model":{"type":"model","model":"minecraft:item/glitter","tints":[{"type":"constant","value":[0.586,0.556,0.476]}]}},{"when":"cyan","model":{"type":"model","model":"minecraft:item/glitter","tints":[{"type":"constant","value":[0.241,0.621,0.64]}]}},{"when":"purple","model":{"type":"model","model":"minecraft:item/glitter","tints":[{"type":"constant","value":[0.596,0.222,0.57]}]}},{"when":"blue","model":{"type":"model","model":"minecraft:item/glitter","tints":[{"type":"constant","value":[0.275,0.287,0.749]}]}},{"when":"brown","model":{"type":"model","model":"minecraft:item/glitter","tints":[{"type":"constant","value":[0.51,0.292,0.179]}]}},{"when":"green","model":{"type":"model","model":"minecraft:item/glitter","tints":[{"type":"constant","value":[0.322,0.567,0.059]}]}},{"when":"red","model":{"type":"model","model":"minecraft:item/glitter","tints":[{"type":"constant","value":[0.804,0.098,0.067]}]}},{"when":"black","model":{"type":"model","model":"minecraft:item/glitter","tints":[{"type":"constant","value":[0.183,0.175,0.179]}]}}]}},{"when":"blockfish","model":{"type":"select","property":"minecraft:custom_model_data","index":3,"cases":[{"when":"white","model":{"type":"model","model":"minecraft:item/blockfish","tints":[{"type":"constant","value":[0.965,0.941,0.878]}]}},{"when":"orange","model":{"type":"model","model":"minecraft:item/blockfish","tints":[{"type":"constant","value":[1,0.625,0.125]}]}},{"when":"magenta","model":{"type":"model","model":"minecraft:item/blockfish","tints":[{"type":"constant","value":[0.7,0.228,0.647]}]}},{"when":"light_blue","model":{"type":"model","model":"minecraft:item/blockfish","tints":[{"type":"constant","value":[0.192,0.886,0.925]}]}},{"when":"yellow","model":{"type":"model","model":"minecraft:item/blockfish","tints":[{"type":"constant","value":[0.98,0.863,0.11]}]}},{"when":"lime","model":{"type":"model","model":"minecraft:item/blockfish","tints":[{"type":"constant","value":[0.644,0.967,0.129]}]}},{"when":"pink","model":{"type":"model","model":"minecraft:item/blockfish","tints":[{"type":"constant","value":[0.888,0.478,0.515]}]}},{"when":"gray","model":{"type":"model","model":"minecraft:item/blockfish","tints":[{"type":"constant","value":[0.368,0.379,0.344]}]}},{"when":"light_gray","model":{"type":"model","model":"minecraft:item/blockfish","tints":[{"type":"constant","value":[0.586,0.556,0.476]}]}},{"when":"cyan","model":{"type":"model","model":"minecraft:item/blockfish","tints":[{"type":"constant","value":[0.241,0.621,0.64]}]}},{"when":"purple","model":{"type":"model","model":"minecraft:item/blockfish","tints":[{"type":"constant","value":[0.596,0.222,0.57]}]}},{"when":"blue","model":{"type":"model","model":"minecraft:item/blockfish","tints":[{"type":"constant","value":[0.275,0.287,0.749]}]}},{"when":"brown","model":{"type":"model","model":"minecraft:item/blockfish","tints":[{"type":"constant","value":[0.51,0.292,0.179]}]}},{"when":"green","model":{"type":"model","model":"minecraft:item/blockfish","tints":[{"type":"constant","value":[0.322,0.567,0.059]}]}},{"when":"red","model":{"type":"model","model":"minecraft:item/blockfish","tints":[{"type":"constant","value":[0.804,0.098,0.067]}]}},{"when":"black","model":{"type":"model","model":"minecraft:item/blockfish","tints":[{"type":"constant","value":[0.183,0.175,0.179]}]}}]}},{"when":"betty","model":{"type":"select","property":"minecraft:custom_model_data","index":3,"cases":[{"when":"white","model":{"type":"model","model":"minecraft:item/betty","tints":[{"type":"constant","value":[0.965,0.941,0.878]}]}},{"when":"orange","model":{"type":"model","model":"minecraft:item/betty","tints":[{"type":"constant","value":[1,0.625,0.125]}]}},{"when":"magenta","model":{"type":"model","model":"minecraft:item/betty","tints":[{"type":"constant","value":[0.7,0.228,0.647]}]}},{"when":"light_blue","model":{"type":"model","model":"minecraft:item/betty","tints":[{"type":"constant","value":[0.192,0.886,0.925]}]}},{"when":"yellow","model":{"type":"model","model":"minecraft:item/betty","tints":[{"type":"constant","value":[0.98,0.863,0.11]}]}},{"when":"lime","model":{"type":"model","model":"minecraft:item/betty","tints":[{"type":"constant","value":[0.644,0.967,0.129]}]}},{"when":"pink","model":{"type":"model","model":"minecraft:item/betty","tints":[{"type":"constant","value":[0.888,0.478,0.515]}]}},{"when":"gray","model":{"type":"model","model":"minecraft:item/betty","tints":[{"type":"constant","value":[0.368,0.379,0.344]}]}},{"when":"light_gray","model":{"type":"model","model":"minecraft:item/betty","tints":[{"type":"constant","value":[0.586,0.556,0.476]}]}},{"when":"cyan","model":{"type":"model","model":"minecraft:item/betty","tints":[{"type":"constant","value":[0.241,0.621,0.64]}]}},{"when":"purple","model":{"type":"model","model":"minecraft:item/betty","tints":[{"type":"constant","value":[0.596,0.222,0.57]}]}},{"when":"blue","model":{"type":"model","model":"minecraft:item/betty","tints":[{"type":"constant","value":[0.275,0.287,0.749]}]}},{"when":"brown","model":{"type":"model","model":"minecraft:item/betty","tints":[{"type":"constant","value":[0.51,0.292,0.179]}]}},{"when":"green","model":{"type":"model","model":"minecraft:item/betty","tints":[{"type":"constant","value":[0.322,0.567,0.059]}]}},{"when":"red","model":{"type":"model","model":"minecraft:item/betty","tints":[{"type":"constant","value":[0.804,0.098,0.067]}]}},{"when":"black","model":{"type":"model","model":"minecraft:item/betty","tints":[{"type":"constant","value":[0.183,0.175,0.179]}]}}]}},{"when":"clayfish","model":{"type":"select","property":"minecraft:custom_model_data","index":3,"cases":[{"when":"white","model":{"type":"model","model":"minecraft:item/clayfish","tints":[{"type":"constant","value":[0.965,0.941,0.878]}]}},{"when":"orange","model":{"type":"model","model":"minecraft:item/clayfish","tints":[{"type":"constant","value":[1,0.625,0.125]}]}},{"when":"magenta","model":{"type":"model","model":"minecraft:item/clayfish","tints":[{"type":"constant","value":[0.7,0.228,0.647]}]}},{"when":"light_blue","model":{"type":"model","model":"minecraft:item/clayfish","tints":[{"type":"constant","value":[0.192,0.886,0.925]}]}},{"when":"yellow","model":{"type":"model","model":"minecraft:item/clayfish","tints":[{"type":"constant","value":[0.98,0.863,0.11]}]}},{"when":"lime","model":{"type":"model","model":"minecraft:item/clayfish","tints":[{"type":"constant","value":[0.644,0.967,0.129]}]}},{"when":"pink","model":{"type":"model","model":"minecraft:item/clayfish","tints":[{"type":"constant","value":[0.888,0.478,0.515]}]}},{"when":"gray","model":{"type":"model","model":"minecraft:item/clayfish","tints":[{"type":"constant","value":[0.368,0.379,0.344]}]}},{"when":"light_gray","model":{"type":"model","model":"minecraft:item/clayfish","tints":[{"type":"constant","value":[0.586,0.556,0.476]}]}},{"when":"cyan","model":{"type":"model","model":"minecraft:item/clayfish","tints":[{"type":"constant","value":[0.241,0.621,0.64]}]}},{"when":"purple","model":{"type":"model","model":"minecraft:item/clayfish","tints":[{"type":"constant","value":[0.596,0.222,0.57]}]}},{"when":"blue","model":{"type":"model","model":"minecraft:item/clayfish","tints":[{"type":"constant","value":[0.275,0.287,0.749]}]}},{"when":"brown","model":{"type":"model","model":"minecraft:item/clayfish","tints":[{"type":"constant","value":[0.51,0.292,0.179]}]}},{"when":"green","model":{"type":"model","model":"minecraft:item/clayfish","tints":[{"type":"constant","value":[0.322,0.567,0.059]}]}},{"when":"red","model":{"type":"model","model":"minecraft:item/clayfish","tints":[{"type":"constant","value":[0.804,0.098,0.067]}]}},{"when":"black","model":{"type":"model","model":"minecraft:item/clayfish","tints":[{"type":"constant","value":[0.183,0.175,0.179]}]}}]}}],"fallback":{"type":"model","model":"minecraft:item/tropical_fish"}}]}}